{
    "View Main Stage": {
        "name": "View Main Stage",
        "position": {
            "x": 8.573934511862756,
            "y": 8.044282269807603,
            "z": 0.9605800498737831
        },
        "rotation": {
            "_x": -1.40471112050378,
            "_y": 1.037990512910987,
            "_z": 1.3785941834545272,
            "_order": "XYZ"
        }
    },
   "Above": {
      "position": {
         "y": 1963.0600416757122, 
         "x": 1.6127622214875328, 
         "z": 1.1341526937232163
      }, 
      "rotation": {
         "_order": "XYZ", 
         "_z": -0.5130559587275135, 
         "_y": -5.07481217937333e-07, 
         "_x": -1.5707954368346062
      }, 
      "name": "Above"
   }, 
   "View1": {
      "position": {
         "y": 50.00000000000012, 
         "x": 0, 
         "z": 1500
      }, 
      "rotation": {
         "_order": "XYZ", 
         "_z": 0, 
         "_y": 0, 
         "_x": -0.03332099736753617
      }, 
      "name": "View1"
   }, 
   "Home": {
      "position": {
         "y": 50.00000000000012, 
         "x": 0, 
         "z": 1500
      }, 
      "rotation": {
         "_order": "XYZ", 
         "_z": 0, 
         "_y": 0, 
         "_x": -0.03332099736753617
      }, 
      "name": "Home"
   }
}
