{
    "View Main Stage": {
        "position": {
            "x": 9.117100704540412,
            "y": 5.973937412725953,
            "z": 4.051207545976002
        },
        "rot": [
            -47.61269317367873,
            60.29805596193808,
            43.58168570904191
        ]
    },
    "Above": {
        "position": {
            "x": 1.779238565138146,
            "y": 44.22874170062994,
            "z": 1.4042556280289678
        },
        "rot": [
            -90.0080670016311,
            -0.004982385192590921,
            -29.40475333342758
        ]
    },
    "Left Rear": {
        "viewName": "Left Rear",
        "position": {
            "x": 7.943109721688552,
            "y": 11.60602269579045,
            "z": -15.215754047352492
        },
        "rot": [
            -136.3329536552841,
            15.964502260098731,
            165.28992074746918
        ]
    },
    "High Above": {
        "position": {
            "x": 1.761700720251011,
            "y": 245.90814673530826,
            "z": 1.3758600269227461
        },
        "rot": [
            -90.0080670016311,
            -0.004982385192590921,
            -29.40475333342758
        ]
    },
    "Nearby Outside Looking In": {
        "viewName": "Nearby Outside Looking In",
        "position": {
            "x": 3.586497030486636,
            "y": 16.686743064305297,
            "z": -23.7289612717005
        },
        "rot": [
            -143.81518390646215,
            2.9905969389513674,
            177.81448450389763
        ]
    },
    "V1": {
        "position": {
            "x": 28.474773701201148,
            "y": 10.673414718412497,
            "z": 5.3529975393752105
        },
        "rot": [
            -53.15496871692774,
            70.33471825546127,
            51.48955702813178
        ]
    },
    "Home": {
        "position": {
            "x": 3.680595759538395,
            "y": 13.860890148037665,
            "z": -12.261346880519486
        },
        "rot": [
            -131.78479031887667,
            6.369577674495814,
            172.92309023878514
        ]
    },
    "V0": {
        "position": {
            "x": 106.96495730683449,
            "y": 85.6307110303795,
            "z": 159.61826931641875
        },
        "rot": [
            -28.017897870383763,
            29.163430148610267,
            14.536565785131708
        ]
    }
}