{
    "View Main Stage": {
        "position": {
            "x": 9.117100704540412,
            "y": 5.973937412725953,
            "z": 4.051207545976002
        },
        "rot": [
            -47.61269317367873,
            60.29805596193808,
            43.58168570904191
        ]
    },
    "Close To Virtual Globe": {
        "position": {
            "x": 4.65037566436846,
            "y": 5.7624503338884026,
            "z": 0.578205890860233
        },
        "rot": [
            -80.488544849534,
            59.47225505423131,
            78.99212191868608
        ]
    },
    "Above": {
        "position": {
            "x": 1.779238565138146,
            "y": 44.22874170062994,
            "z": 1.4042556280289678
        },
        "rot": [
            -90.0080670016311,
            -0.004982385192590921,
            -29.40475333342758
        ]
    },
    "VMS": {
        "position": {
            "x": 8.5741113372266,
            "y": 8.044458297586914,
            "z": 0.9479369551577861
        },
        "rot": [
            -80.488544849534,
            59.47225505423131,
            78.99212191868608
        ]
    },
    "Left Rear": {
        "position": {
            "x": 3.237491284743545,
            "y": 1.3844611346853315,
            "z": 6.835618675682844
        },
        "rot": [
            -1.5893752574037825,
            22.401179392805243,
            0.6058269042943265
        ]
    },
    "High Above": {
        "position": {
            "x": 1.761700720251011,
            "y": 245.90814673530826,
            "z": 1.3758600269227461
        },
        "rot": [
            -90.0080670016311,
            -0.004982385192590921,
            -29.40475333342758
        ]
    },
    "Nearby Outside Looking In": {
        "position": {
            "x": 11.415276898599094,
            "y": 8.368334561259989,
            "z": 32.31815228823235
        },
        "rot": [
            -14.655781960534222,
            25.38786908724292,
            6.397583333697679
        ]
    },
    "Very Far Away": {
        "position": {
            "x": 90000,
            "y": 0,
            "z": 0
        },
        "rot": [
            0,
            90,
            0
        ]
    },
    "right side": {
        "position": {
            "x": 15.59126728184051,
            "y": 10.249939350996911,
            "z": -19.17625049042888
        },
        "rot": [
            -155.34785282865636,
            36.91553086065216,
            164.5888855926007
        ]
    },
    "V1": {
        "position": {
            "x": 150.1180550392659,
            "y": 76.9640257253782,
            "z": 110.67219994902874
        },
        "rot": [
            -31.854578590638692,
            48.57945590754848,
            24.982271852355193
        ]
    },
    "V2": {
        "position": {
            "x": 85.10665455472297,
            "y": 40.26978984832946,
            "z": 39.3625859618443
        },
        "rot": [
            -25.915938029439484,
            53.86394544695667,
            21.426847687757707
        ]
    },
    "V3": {
        "position": {
            "x": 28.474773701201148,
            "y": 10.673414718412497,
            "z": 5.3529975393752105
        },
        "rot": [
            -53.15496871692774,
            70.33471825546127,
            51.48955702813178
        ]
    },
    "V4": {
        "position": {
            "x": 7.328350259188699,
            "y": 0.8431636347922419,
            "z": 0.3326099885490301
        },
        "rot": [
            -42.68597947047081,
            87.5768729698936,
            42.660436865494795
        ]
    },
    "Home": {
        "position": {
            "x": 7.328343306114147,
            "y": 0.8431305663016255,
            "z": 0.3325872528857612
        },
        "rot": [
            -42.68759087807686,
            87.57707370249437,
            42.66206327866371
        ]
    },
    "V5": {
        "position": {
            "x": 3.5763895046931604,
            "y": 4.163037635467881,
            "z": 5.56472753747748
        },
        "rot": [
            -26.309706123372866,
            32.169602171267265,
            14.748722035938629
        ]
    },
    "V0": {
        "viewName": "V0",
        "position": {
            "x": 106.96495730683449,
            "y": 85.6307110303795,
            "z": 159.61826931641875
        },
        "rot": [
            -28.017897870383763,
            29.163430148610267,
            14.536565785131708
        ]
    }
}