{
    "View Main Stage": {
        "position": {
            "x": 8.573934511862756,
            "y": 8.044282269807603,
            "z": 0.9605800498737831
        },
        "rot": [
            -80.4840186399594,
            59.47247556441914,
            78.98762837322836
        ]
    },
    "Close To Virtual Globe": {
        "position": {
            "x": 4.65037566436846,
            "y": 5.7624503338884026,
            "z": 0.578205890860233
        },
        "rot": [
            -80.488544849534,
            59.47225505423131,
            78.99212191868608
        ]
    },
    "Above": {
        "viewName": "Above",
        "position": {
            "x": 1.779238565138146,
            "y": 44.22874170062994,
            "z": 1.4042556280289678
        },
        "rot": [
            -90.0080670016311,
            -0.004982385192590921,
            -29.40475333342758
        ]
    },
    "Home": {
        "position": {
            "y": 50.00000000000012,
            "x": 0,
            "z": 1500
        },
        "rot": [
            -1.9091525183263491,
            0,
            0
        ]
    },
    "VMS": {
        "position": {
            "x": 8.5741113372266,
            "y": 8.044458297586914,
            "z": 0.9479369551577861
        },
        "rot": [
            -80.488544849534,
            59.47225505423131,
            78.99212191868608
        ]
    },
    "Left Rear": {
        "position": {
            "x": 5.874838053105213,
            "y": 1.1846820940875515,
            "z": 2.054419548545213
        },
        "rot": [
            -122.37654177322064,
            85.94610990483697,
            122.44148797057412
        ]
    },
    "High Above": {
        "viewName": "High Above",
        "position": {
            "x": 1.761700720251011,
            "y": 245.90814673530826,
            "z": 1.3758600269227461
        },
        "rot": [
            -90.0080670016311,
            -0.004982385192590921,
            -29.40475333342758
        ]
    }
}
