{
    "View Main Stage": {
        "position": {
            "x": 9.117100704540412,
            "y": 5.973937412725953,
            "z": 4.051207545976002
        },
        "rot": [
            -47.61269317367873,
            60.29805596193808,
            43.58168570904191
        ]
    },
    "Close To Virtual Globe": {
        "position": {
            "x": 4.65037566436846,
            "y": 5.7624503338884026,
            "z": 0.578205890860233
        },
        "rot": [
            -80.488544849534,
            59.47225505423131,
            78.99212191868608
        ]
    },
    "Above": {
        "position": {
            "x": 1.779238565138146,
            "y": 44.22874170062994,
            "z": 1.4042556280289678
        },
        "rot": [
            -90.0080670016311,
            -0.004982385192590921,
            -29.40475333342758
        ]
    },
    "Home": {
        "viewName": "Home",
        "position": {
            "x": 7.860675558762253,
            "y": 6.819451805304697,
            "z": 14.606189385819556
        },
        "rot": [
            -18.06319804487272,
            27.096574535806003,
            8.44971481254613
        ]
    },
    "VMS": {
        "position": {
            "x": 8.5741113372266,
            "y": 8.044458297586914,
            "z": 0.9479369551577861
        },
        "rot": [
            -80.488544849534,
            59.47225505423131,
            78.99212191868608
        ]
    },
    "Left Rear": {
        "position": {
            "x": 3.237491284743545,
            "y": 1.3844611346853315,
            "z": 6.835618675682844
        },
        "rot": [
            -1.5893752574037825,
            22.401179392805243,
            0.6058269042943265
        ]
    },
    "High Above": {
        "position": {
            "x": 1.761700720251011,
            "y": 245.90814673530826,
            "z": 1.3758600269227461
        },
        "rot": [
            -90.0080670016311,
            -0.004982385192590921,
            -29.40475333342758
        ]
    },
    "Nearby Outside Looking In": {
        "position": {
            "x": 11.415276898599094,
            "y": 8.368334561259989,
            "z": 32.31815228823235
        },
        "rot": [
            -14.655781960534222,
            25.38786908724292,
            6.397583333697679
        ]
    }
}
